rank,uri,artist_names,track_name,source,peak_rank,previous_rank,days_on_chart,streams
1,"spotify:track:1I37Zz2g3hk9eWxaNkj031","Saja Boys, Andrew Choi, Neckwav, Danny Chung, KEVIN WOO, samUIL Lee, KPop Demon Hunters Cast","Your Idol","K-Pop Demon Hunters",1,2,16,"1356291"
2,"spotify:track:1CPZ5BxNNd0n0nF4Orb9JS","HUNTR/X, EJAE, AUDREY NUNA, REI AMI, KPop Demon Hunters Cast","Golden","K-Pop Demon Hunters",2,3,16,"1344175"
3,"spotify:track:57GsLpRtEtrzcPGPop20rS","Drake","What Did I Miss?","OVO/Republic",1,1,3,"1240562"
4,"spotify:track:0FTmksd2dxiE5e3rWyJXs6","sombr","back to friends","Warner Records",1,4,112,"1150508"
5,"spotify:track:2RkZ5LkEzeHGRsmDqKwmaJ","Alex Warren","Ordinary","Atlantic Records",1,5,151,"1049970"
6,"spotify:track:3RXUgPNIbUgFxsDWuBQEt6","HUNTR/X, EJAE, AUDREY NUNA, REI AMI, KPop Demon Hunters Cast","How It’s Done","K-Pop Demon Hunters",6,7,15,"1019877"
7,"spotify:track:42UBPzRMh5yyz0EDPr6fr1","Sabrina Carpenter","Manchild","Island Records",1,8,32,"975617"
8,"spotify:track:4WFgvKVfEhb3IUAFGrutTR","Ravyn Lenae","Love Me Not","Atlantic Records",5,6,121,"975183"
9,"spotify:track:02sy7FAs8dkDNYsHp4Ul3f","Saja Boys, Andrew Choi, Neckwav, Danny Chung, KEVIN WOO, samUIL Lee, KPop Demon Hunters Cast","Soda Pop","K-Pop Demon Hunters",9,10,15,"948649"
10,"spotify:track:04emojnbYkrRmv5qtJcgVP","Morgan Wallen, Tate McRae","What I Want (feat. Tate McRae)","Big Loud Records / Mercury Records / Republic Records",1,9,53,"867954"
11,"spotify:track:5sBDrrtLGbV64QJnEqfjer","HUNTR/X, EJAE, AUDREY NUNA, REI AMI, KPop Demon Hunters Cast","What It Sounds Like","K-Pop Demon Hunters",11,14,15,"839861"
12,"spotify:track:4AajxCEwGEsmHmT4H1TwjY","sombr","undressed","Warner Records",2,12,104,"824469"
13,"spotify:track:5DxDLsW6PsLz5gkwC7Mk5S","Rumi, Jinu, EJAE, Andrew Choi, KPop Demon Hunters Cast","Free","K-Pop Demon Hunters",13,16,15,"811784"
14,"spotify:track:5z0LSDpPpGwc2ZyJHpsE3J","Morgan Wallen","Just In Case","Big Loud Records / Mercury Records / Republic Records",2,13,109,"804036"
15,"spotify:track:0MHStU0muAIEMbwdnebYu2","HUNTR/X, EJAE, AUDREY NUNA, REI AMI, KPop Demon Hunters Cast","Takedown","K-Pop Demon Hunters",15,20,14,"775860"
16,"spotify:track:0ofHAoxe9vBkTCp2UQIavz","Fleetwood Mac","Dreams - 2004 Remaster","Rhino/Warner Records",6,11,1643,"774346"
17,"spotify:track:4gfrYDtaRmp6HPvN80V2ob","Morgan Wallen","I Got Better","Big Loud Records / Mercury Records / Republic Records",4,17,53,"729159"
18,"spotify:track:6Qyc6fS4DsZjB2mRW9DsQs","The Goo Goo Dolls","Iris","Warner Records",18,27,487,"724992"
19,"spotify:track:3siwsiaEoU4Kuuc9WKMUy5","The Marías","No One Noticed","Nice Life/Atlantic",4,24,325,"718924"
20,"spotify:track:2yWlGEgEfPot0lv3OAjuG3","Tate McRae, F1 The Album","Just Keep Watching (From F1® The Movie)","Atlantic Records",8,28,39,"715667"
21,"spotify:track:6dOtVTDdiauQNBQEDOtlAB","Billie Eilish","BIRDS OF A FEATHER","Darkroom/Interscope Records",2,23,417,"695305"
22,"spotify:track:5IZXB5IKAD2qlvTPJYDCFB","Post Malone, Morgan Wallen","I Had Some Help (Feat. Morgan Wallen)","Mercury Records / Republic Records",1,15,424,"691183"
23,"spotify:track:2ipIPsgrgd0j2beDf4Ki70","Benson Boone","Mystical Magical","Night Street Records, Inc./Warner Records Inc.",5,22,74,"688049"
24,"spotify:track:6393yGahSJ9slVdOwSxOVR","Chappell Roan","Pink Pony Club","Chappell Roan PS/ Island",4,18,398,"679166"
25,"spotify:track:2CGNAOSuO1MEFCbBRgUzjd","Kendrick Lamar, SZA","luther (with sza)","pgLang, under exclusive license to Interscope Records",1,29,228,"677171"
26,"spotify:track:7AeM1BGYM7emrqmQn1PuWv","Morgan Wallen","I'm The Problem","Big Loud Records / Mercury Records / Republic Records",1,25,158,"668537"
27,"spotify:track:2u9S9JJ6hTZS3Vf22HOZKg","Drake","NOKIA","OVO Sound",1,26,144,"661046"
28,"spotify:track:3xkHsmpQCBMytMJNiDf3Ii","Benson Boone","Beautiful Things","Night Street Records, Inc./Warner Records Inc.",1,30,536,"652426"
29,"spotify:track:5fZJQrFKWQLb7FpJXZ1g7K","Shaboozey","A Bar Song (Tipsy)","American Dogwood / EMPIRE",1,19,452,"635798"
30,"spotify:track:19XpFsce28aByvCC4g89tJ","Hozier","Too Sweet","Rubyworks / Universal-Island Records Ltd",1,34,472,"633102"
31,"spotify:track:21IYMdzTrzSe191Cy5eMap","Gigi Perez","Sailor Song","Outtahere, LLC / Island Records",3,37,342,"602374"
32,"spotify:track:7so0lgd0zP2Sbgs2d7a1SZ","Lady Gaga, Bruno Mars","Die With A Smile","Interscope Records",1,39,326,"601579"
33,"spotify:track:4KULAymBBJcPRpk1yO4dOG","Zach Bryan, Kacey Musgraves","I Remember Everything (feat. Kacey Musgraves)","Warner Records",1,35,682,"593661"
34,"spotify:track:17phhZDn6oGtzMe56NuWvj","Teddy Swims","Lose Control","Warner Records",5,36,608,"593050"
35,"spotify:track:0hta2Lb2zKJ7kEnAEZEE3G","wifiskeleton, i wanna be a jack-o-lantern","Nope your too late i already died","9th St. / Hallwood",24,42,63,"580385"
36,"spotify:track:3t6gUcGYLrUuqwpXjOFWQc","Zach Top","I Never Lie","Leo33",29,47,277,"560281"
37,"spotify:track:3WMj8moIAXJhHsyLaqIIHI","Zach Bryan","Something in the Orange","Warner Records",4,45,1172,"559941"
38,"spotify:track:0FIDCNYYjNvPVimz5icugS","The Weeknd, Playboi Carti","Timeless (feat Playboi Carti)","XO / Republic Records",1,49,284,"557934"
39,"spotify:track:1osfLqL6L2iQsirRf83ded","Riley Green","Worst Way","Nashville Harbor",37,51,181,"556345"
40,"spotify:track:7KA4W4McWYRpgf0fWsJZWB","Tyler, The Creator, Kali Uchis","See You Again (feat. Kali Uchis)","Columbia",3,43,1487,"548716"
41,"spotify:track:0YsIYFRoxkmEvbKCwTp0Tg","Morgan Wallen","20 Cigarettes","Big Loud Records / Mercury Records / Republic Records",12,46,53,"546029"
42,"spotify:track:7lv4SU2ATVjQJp6Jia0x7N","Lil Tecca","Dark Thoughts","Galactic / Republic Records",2,50,116,"532746"
43,"spotify:track:58ge6dfP91o9oXMzq3XkIS","Arctic Monkeys","505","Domino Recording Co",13,53,1574,"529244"
44,"spotify:track:70LcF31zb1H0PyJoS1Sx1r","Radiohead","Creep","XL Recordings",38,54,403,"513257"
45,"spotify:track:2HRqTpkrJO5ggZyyK6NPWz","Sabrina Carpenter","Espresso","Island Records",1,52,452,"512275"
46,"spotify:track:7u7IqryLFAygWFz6bsEB7y","Jessie Murph","Blue Strips","Columbia",6,55,83,"510335"
47,"spotify:track:73kIKvg65QWieOKXIwyLJP","BigXthaPlug, Bailey Zimmerman","All The Way (feat. Bailey Zimmerman)","BigXthaPlug under exclusive license to UnitedMasters LLC",2,58,95,"505817"
48,"spotify:track:2WQ09wqQBIOor7Q0VpIDBK","Black Eyed Peas","Rock That Body","Interscope",33,61,30,"494654"
49,"spotify:track:5mAGsieQbw180sYdL3RMKk","Morgan Wallen","Love Somebody","Big Loud Records / Mercury Records / Republic Records",1,48,262,"493621"
50,"spotify:track:2RdEC8Ff83WkX7kDVCHseE","Charli xcx","party 4 u","Atlantic Records UK",12,57,79,"486606"
51,"spotify:track:05ZACkzW8YbRq3eFgIfSNB","Eric Church","Springsteen","UME - Global Clearing House",21,40,76,"484456"
52,"spotify:track:3GCdLUSnKSMJhs4Tj6CV3s","Kendrick Lamar, SZA","All The Stars (with SZA) - From ""Black Panther: The Album""","Black Panther (TDE/DMG) PS",2,64,1030,"476650"
53,"spotify:track:7D0RhFcb3CrfPuTJ0obrod","Coldplay","Sparks","Parlophone UK",49,63,367,"475108"
54,"spotify:track:0WbMK4wrZ1wFSty9F7FCgu","Chappell Roan","Good Luck, Babe!","Chappell Roan PS/ Island",1,66,459,"469356"
55,"spotify:track:2UikqkwBv7aIvlixeVXHWt","Chris Stapleton","You Should Probably Leave","Mercury Nashville",46,72,708,"469259"
56,"spotify:track:7ne4VBA60CxGM75vw0EYad","Gracie Abrams","That’s So True","Gracie Abrams, under exclusive license to Interscope Records",1,73,263,"463029"
57,"spotify:track:003vvx7Niy0yvhvHt4a68B","The Killers","Mr. Brightside","Island Records",21,60,1757,"462417"
58,"spotify:track:1WmBVbFmLt0w6zPP37TeCG","PinkPantheress","Illegal","Warner Records",58,71,16,"462070"
59,"spotify:track:0aB0v4027ukVziUGwVGYpG","Kendrick Lamar, Lefty Gunplay","tv off (feat. lefty gunplay)","pgLang, under exclusive license to Interscope Records",1,78,228,"459022"
60,"spotify:track:6eLQXa6uk2EW8drsiKbABZ","Fuerza Regida","TU SANCHO","Rancho Humilde/Street Mob Records/Sony Music Latin",23,90,43,"458364"
61,"spotify:track:0LQtEJt7x0s6knb6RKdRYc","Zac Brown Band","Chicken Fried","Home Grown Music",6,21,194,"457363"
62,"spotify:track:1rKQjUhF9zFJmuUotr3VkV","TWICE","TAKEDOWN (JEONGYEON, JIHYO, CHAEYOUNG)","K-Pop Demon Hunters",62,96,13,"457090"
63,"spotify:track:76O7oz3bvW0WCBqXs9Tkuf","Zach Bryan","River Washed Hair","Warner Records",60,88,6,"456787"
64,"spotify:track:5UJbgR4XF4y1DvbkxEqe8S","Tate McRae","Sports car","RCA Records Label",5,77,165,"453269"
65,"spotify:track:4M70OqsMnH6GwzEFtYAF5o","d4vd","Feel It","Darkroom/Interscope Records",17,74,205,"451987"
66,"spotify:track:2fuYa3Lx06QQJAm0MjztKr","Radiohead","Let Down","XL Recordings",60,75,51,"449406"
67,"spotify:track:3fqwjXwUGN6vbzIwvyFMhx","Chris Stapleton","Tennessee Whiskey","Mercury Nashville",55,65,1401,"448517"
68,"spotify:track:0cQVqPuHQP4KEwc7ZUQmj6","The Neighbourhood","Sweater Weather","Columbia",12,79,1779,"446984"
69,"spotify:track:03tqyYWC9Um2ZqU0ZN849H","Waka Flocka Flame, Roscoe Dash, Wale","No Hands (feat. Roscoe Dash & Wale)","Asylum/Warner Records",68,68,132,"445101"
70,"spotify:track:3sK8wGT43QFpWrvNQsrQya","Bad Bunny","DtMF","Rimas Entertainment LLC.",1,70,184,"442086"
71,"spotify:track:0eBFgRxyVSeuT4iyrbukdn","Luke Combs","Where the Wild Things Are","River House Artists/Columbia Nashville",31,62,406,"441394"
72,"spotify:track:3hpm0fTeSqlhJbnqAgaLZs","Fuerza Regida","Marlboro Rojo","Rancho Humilde/Street Mob Records/Sony Music Latin",48,125,60,"439906"
73,"spotify:track:57TEkZN3f84tFJFHFrD4pO","Morgan Wallen","Whiskey Glasses","Morgan Wallen",33,67,2006,"439840"
74,"spotify:track:1xOqGUkyxGQRdCvGpvWKmL","KATSEYE","Gabriela","HYBE/Geffen",41,93,18,"439036"
75,"spotify:track:4Km9FSF9iaQiTLnFPdbPom","Megan Moroney","6 Months Later","Columbia Nashville/Columbia Records",5,86,18,"435137"
76,"spotify:track:2uvE4L5ZsYKpv8hbK4TIOt","Leon Thomas","MUTT","EZMNY Records/Motown Records",31,94,146,"433766"
77,"spotify:track:1FhgmMvNlh3nJ1Ldc2eE6H","Koe Wetzel, Jessie Murph","High Road (feat. Jessie Murph)","Columbia",17,81,241,"432282"
78,"spotify:track:4ZJ4vzLQekI0WntDbanNC7","Zach Bryan","Pink Skies","Warner Records",7,69,408,"430569"
79,"spotify:track:2A22iI0x4EYAVXNpKPhNEM","Ella Langley","weren't for the wind","SAWGOD/Columbia",69,84,83,"430295"
80,"spotify:track:3dYD57lRAUcMHufyqn9GcI","Hozier","Take Me To Church","Universal-Island Records Ltd.",53,100,573,"425978"
81,"spotify:track:6AI3ezQ4o3HUoP6Dhudph3","Kendrick Lamar","Not Like Us","Kendrick Lamar, under exclusive license to Interscope Records",1,89,429,"425969"
82,"spotify:track:5e9TFTbltYBg2xThimr0rU","Fleetwood Mac","The Chain - 2004 Remaster","Rhino/Warner Records",82,82,47,"424645"
83,"spotify:track:3cZajhyr8LmtPfHZ9296tj","Disco Lines, Tinashe","No Broke Boys","Nice Life/Atlantic",83,113,22,"421981"
84,"spotify:track:3QaPy1KgI7nu9FJEQUgn6h","Billie Eilish","WILDFLOWER","Darkroom/Interscope Records",10,99,417,"420893"
85,"spotify:track:4vzXLFqUnsA3qaopkRKNbI","BabyChiefDoit","WENT WEST","Artist Partner Group",85,98,8,"419622"
86,"spotify:track:4wJ5Qq0jBN4ajy7ouZIV1c","ROSÉ, Bruno Mars","APT.","Atlantic Records",1,87,263,"415994"
87,"spotify:track:2tznHmp70DxMyr2XhWLOW0","Cage The Elephant","Cigarette Daydreams","RCA Records Label",58,85,889,"414839"
88,"spotify:track:1HbzxLqpNVPdiBXvpC7Ovb","The Red Clay Strays","Wondering Why","Red Clay Strays",70,97,475,"410147"
89,"spotify:track:5RKQ5NdjSh2QzD4MaunT91","Journey","Don't Stop Believin' (2022 Remaster)","Columbia/Legacy",36,44,814,"408052"
90,"spotify:track:1KZG1H1OCugGqIRmk1wF9m","Sam Barber, Avery Anna","Indigo (feat. Avery Anna)","Lockeland Springs/Atlantic",47,111,210,"406465"
91,"spotify:track:1NpHJ96ljWvqdbjlyc9GtT","Don Toliver, Mustard","FWU","CactusJack/Donnway/ATL",53,135,11,"406414"
92,"spotify:track:5G2f63n7IPVPPjfNIGih7Q","Sabrina Carpenter","Taste","Island Records",1,110,319,"403664"
93,"spotify:track:6ybZUqlfk938oS6WeBmDab","Treaty Oak Revival","Missed Call","TOR Records",84,112,75,"403008"
94,"spotify:track:0qmhTHMVxnXRmT5N92wTD9","Alex Warren, Jelly Roll","Bloodline (with Jelly Roll)","Atlantic Records",9,108,46,"402272"
95,"spotify:track:1TE8AAk9koG0UJco6ZAUfx","Bailey Zimmerman","Rock and A Hard Place","Warner Music Nashville/Elektra",22,122,786,"400338"
96,"spotify:track:16MeIVoFWTq2E0r6DwIek5","Hudson Westbrook","House Again","River House Artists",73,121,97,"398952"
97,"spotify:track:2BkTPMr1v6Fr6JJwc4V7R5","TWICE","Strategy","WM Japan",97,145,7,"397522"
98,"spotify:track:3rUGC1vUpkDG9CZFHMur1t","Tate McRae","greedy","RCA Records Label",3,105,502,"396015"
99,"spotify:track:7e89621JPkKaeDSTQ3avtg","Lynyrd Skynyrd","Sweet Home Alabama","Geffen*",9,32,33,"393574"
100,"spotify:track:4oB8Xd7gMlUEtWoD8bmCXW","Neton Vega, Peso Pluma","Morena","Josa Records",48,156,135,"392574"
101,"spotify:track:1BDLD4c07q0bmq2VCRsXoE","Morgan Wallen, Post Malone","I Ain't Comin' Back (feat. Post Malone)","Big Loud Records / Mercury Records / Republic Records",1,102,81,"391175"
102,"spotify:track:3xdjjKMcMOFgo1eQrfbogM","Darius Rucker","Wagon Wheel","Capitol Records Nashville",27,38,77,"390642"
103,"spotify:track:583dMdiUquLMenarTp7PQm","Morgan Wallen","Last Night","Morgan Wallen",1,92,887,"389027"
104,"spotify:track:0mflMxspEfB0VbI1kyLiAv","Noah Kahan","Stick Season","Mercury Records/Republic Records",1,132,972,"388490"
105,"spotify:track:7lq4b3sYM9cYSnCMxCafKe","Morgan Wallen","TN","Big Loud Records / Mercury Records / Republic Records",15,120,53,"386146"
106,"spotify:track:1lfO0bqThTLimzHsvk3LrN","Lil Tecca","OWA OWA","Galactic / Republic Records",3,138,39,"382933"
107,"spotify:track:3EO58D1YpHnTvBy68gK8HE","Tucker Wetmore","Wind Up Missin’ You","Tucker Wetmore",41,117,437,"382294"
108,"spotify:track:0eaVIYo2zeOaGJeqZ5TwYz","Don Toliver","No Pole","Cactus Jack / Atlantic",22,116,263,"380776"
109,"spotify:track:7tI8dRuH2Yc6RuoTjxo4dU","Jimin","Who","BIGHIT MUSIC",1,109,340,"379790"
110,"spotify:track:35ISBknsCeZQtq66xABI9g","Lola Young","Messy","Universal-Island Records Ltd.",10,146,222,"379787"
111,"spotify:track:3AJwUDP919kvQ9QcozQPxg","Coldplay","Yellow","Parlophone UK",79,162,323,"377230"
112,"spotify:track:0M7mWKqwTIaVjYyxfZmtTa","Toby Keith","Courtesy Of The Red, White And Blue (The Angry American)","DreamWorks Nashville",1,33,29,"377112"
113,"spotify:track:2M38X60UJnupGPbFTkVPNQ","Brooks & Dunn","Neon Moon","Arista Nashville",69,139,50,"371000"
114,"spotify:track:78O33U6jbQtNiNfbkZudpd","Lil Wayne, Drake","She Will","CM/Republic",64,118,144,"370234"
115,"spotify:track:7cA3PnUQDlUyBBwpRozQeo","Old Dominion","One Man Band","RCA Records Label Nashville",63,182,377,"370187"
116,"spotify:track:3KC1yCIfkLrRaeeMUEKvg3","Morgan Wallen","Superman","Big Loud Records / Mercury Records / Republic Records",2,128,60,"369462"
117,"spotify:track:4mtmmBBEgdJLYWnLy5zvWE","Morgan Wallen, ERNEST","Cowgirls","Morgan Wallen",17,83,813,"369252"
118,"spotify:track:43iIQbw5hx986dUEZbr3eN","Laufey","From The Start","Laufey",30,148,462,"368430"
119,"spotify:track:2hnMS47jN0etwvFPzYk11f","Sublime","Santeria","Gasoline Alley",63,103,185,"367816"
120,"spotify:track:7Ar4G7Ci11gpt6sfH9Cgz5","The Doobie Brothers","Listen to the Music","Warner Records",50,76,86,"367786"
121,"spotify:track:4fVoX6BG2jFhPx6uHKevpF","Ty Myers","Thought It Was Love","RECORDS Nashville / Columbia",65,153,36,"367168"
122,"spotify:track:2374M0fQpWi3dLnB54qaLX","TOTO","Africa","Columbia",115,115,219,"365928"
123,"spotify:track:3E7dfMvvCLUddWissuqMwr","Miley Cyrus","Party In The U.S.A.","Hollywood Records",3,41,319,"365427"
124,"spotify:track:7o3xJRQhpHRZ6IbyQX2xrp","sombr","we never dated","Warner Records",46,154,15,"365370"
125,"spotify:track:38WyDtxZhxm63jiythwemE","Lorde","Ribs","Universal Music New Zealand Limited",42,124,76,"364799"
126,"spotify:track:58FbmtiyAlFBqFr8EorsSr","Morgan Wallen","7 Summers","Morgan Wallen",3,106,639,"361592"
127,"spotify:track:7FAFkQQZFeNwOFzTrSDFIh","Mac Miller, Empire Of The Sun","The Spins","Rostrum Records",53,119,1264,"358464"
128,"spotify:track:2uXlHCUbq9OMUwx3hrk06o","Vance Joy","Riptide","Atlantic Records",52,134,584,"358137"
129,"spotify:track:2tHwzyyOLoWSFqYNjeVMzj","Sabrina Carpenter","Please Please Please","Island Records",1,142,395,"354570"
130,"spotify:track:3xKsf9qdS1CyvXSMEid6g8","Frank Ocean","Pink + White","Boys Don't Cry",23,149,1051,"354306"
131,"spotify:track:51eSHglvG1RJXtL3qI5trr","Benson Boone","Slow It Down","Night Street Records, Inc./Warner Records Inc.",19,169,445,"353478"
132,"spotify:track:2uqYupMHANxnwgeiXTZXzd","Dasha","Austin (Boots Stop Workin')","Warner Records",14,131,416,"352006"
133,"spotify:track:2FAZskT9yRjp2Oow9szJD8","Chrystal, NOTION","The Days - NOTION Remix","Polydor Records",62,157,186,"350048"
134,"spotify:track:0WiyWiJDkNCyGNqkv7NByy","Morgan Wallen","Chasin' You","Morgan Wallen",47,129,1129,"349852"
135,"spotify:track:3pXF1nA74528Edde4of9CC","Bryson Tiller","Don't","TrapSoul/RCA Records",55,143,1293,"349554"
136,"spotify:track:7B3BwNecBhKvNwSMOOl7Gk","Addison Rae","Fame is a Gun","Columbia",20,152,37,"348133"
137,"spotify:track:2JPctdUgvkQSpnUdfROxvY","Alemán, Neton Vega","Te Quería Ver","HOMEGROWN MAFIA S.A. DE C.V./Sony Music México-Latin",30,172,140,"346095"
138,"spotify:track:5TFD2bmFKGhoCRbX61nXY5","Bad Bunny","NUEVAYoL","Rimas Entertainment LLC.",3,127,182,"343618"
139,"spotify:track:60a0Rd6pjrkxjPbaKzXjfq","Linkin Park","In the End","Warner Records",8,190,145,"343100"
140,"spotify:track:0qRR9d89hIS0MHRkQ0ejxX","Daryl Hall & John Oates","Rich Girl","RCA/Legacy",30,80,337,"342694"
141,"spotify:track:1dgWTMoHwTUnQhOQ8SR5fV","Kenny Chesney","American Kids","Legacy Recordings",23,31,24,"342505"
142,"spotify:track:56oGoEjA9eTZYgsttEFKY3","Wiz Khalifa, Empire Of The Sun","The Thrill","Rostrum Records",68,136,81,"342198"
143,"spotify:track:3U5JVgI2x4rDyHGObzJfNf","Natasha Bedingfield","Unwritten","Sony Music CG",69,171,325,"341742"
144,"spotify:track:0HPD5WQqrq7wPWR7P7Dw1i","Kesha","TiK ToK","RCA Records Label",107,133,50,"341240"
145,"spotify:track:1G391cbiT3v3Cywg8T7DM1","Red Hot Chili Peppers","Scar Tissue","Warner Records",104,151,115,"339965"
146,"spotify:track:6GG4yyk3UATdBfTHVgI8PB","Luke Combs","Ain't No Love In Oklahoma (From Twisters: The Album)","Atlantic Records",15,126,412,"339940"
147,"spotify:track:63Pi2NAx5yCgeLhCTOrEou","Imogen Heap","Headlock","Megaphonic",32,158,225,"339933"
148,"spotify:track:6Jv7kjGkhY2fT4yuBF3aTz","Jeff Buckley","Lover, You Should've Come Over","Columbia/Legacy",124,168,16,"337354"
149,"spotify:track:1mea3bSkSGXuIRvnydlB5b","Coldplay","Viva La Vida","Parlophone UK",87,170,327,"334794"
150,"spotify:track:02BcXEH1zJYbXSabPtNlKf","Don Toliver, Doja Cat, F1 The Album","Lose My Mind (feat. Doja Cat) [From F1® The Movie]","Atlantic Records",91,-1,2,"334506"
151,"spotify:track:3hRV0jL3vUpRrcy398teAU","Lord Huron","The Night We Met","Play It Again Sam",43,186,977,"334205"
152,"spotify:track:1mMLMZYXkMueg65jRRWG1l","Luke Combs","When It Rains It Pours","River House Artists/Columbia Nashville",43,91,1148,"332712"
153,"spotify:track:3Vr3zh0r7ALn8VLqCiRR10","Myles Smith","Stargazing","RCA Records Label",23,178,292,"331790"
154,"spotify:track:2Dct3GykKZ58hpWRFfe2Qd","Zach Bryan","Heading South","Warner Records",27,114,952,"331097"
155,"spotify:track:1j15Ar0qGDzIR0v3CQv3JL","KATSEYE","Gnarly","HYBE/Geffen",53,164,68,"330650"
156,"spotify:track:3yrSvpt2l1xhsV9Em88Pul","Van Morrison","Brown Eyed Girl","Van Morrison",29,59,274,"330387"
157,"spotify:track:0QCIpQV3twfqo9kh0t8Zza","MOLIY, Silent Addy, Skillibeng, Shenseea","Shake It To The Max (FLY) - Remix","WONDERGIRL LLC",69,163,51,"329468"
158,"spotify:track:0M955bMOoilikPXwKLYpoi","Three Days Grace","I Hate Everything About You","Jive",124,-1,65,"329428"
159,"spotify:track:1XBYiRV30ykHw5f4wm6qEn","The Kid LAROI","NIGHTS LIKE THIS","Columbia",20,155,371,"328229"
160,"spotify:track:1BxfuPKGuaTgP7aM0Bbdwr","Taylor Swift","Cruel Summer","Taylor Swift",1,181,840,"324844"
161,"spotify:track:3kXoKlD84c6OmIcOLfrfEs","Earth, Wind & Fire","September","Columbia/Legacy",7,160,216,"324704"
162,"spotify:track:6dBUzqjtbnIa1TwYbyw5CM","TV Girl","Lovers Rock","TV Girl",35,185,974,"323838"
163,"spotify:track:2tgQaL85WoRfgEa4hFQgrE","Tyler Childers","Feathered Indians","Hickman Holler Records",94,140,371,"323707"
164,"spotify:track:2XHzzp1j4IfTNp1FTn7YFg","Lil Wayne, Drake, Future","Love Me","CM/Republic",68,165,436,"322896"
165,"spotify:track:5UWwZ5lm5PKu6eKsHAGxOk","Foo Fighters","Everlong","RCA Records Label",36,192,757,"320997"
166,"spotify:track:4zhdSsssstuVDXyGDb3pYi","Offset, JID","Bodies","Motown Records",67,-1,13,"319026"
167,"spotify:track:0fCwTrRNfoNk962ati8n2K","Tyler Childers","All Your'n","Hickman Holler Records/RCA Records",52,137,483,"318358"
168,"spotify:track:42T2QQv3xgBlpQxaSP7lnK","Creed","One Last Breath","The Bicycle Music Company",102,-1,199,"318007"
169,"spotify:track:2gam98EZKrF9XuOkU13ApN","Nelly Furtado, Timbaland","Promiscuous","Mosley / Geffen",72,-1,143,"317394"
170,"spotify:track:4k6Uh1HXdhtusDW5y8Gbvy","Steve Lacy","Bad Habit","L-M Records/RCA Records",1,176,856,"316938"
171,"spotify:track:4eLDmhsJW3JoZTXCAozHor","Neton Vega","Loco","Josa Records",17,-1,189,"315915"
172,"spotify:track:1xK59OXxi2TAAAbmZK0kBL","d4vd","Romantic Homicide","Darkroom/Interscope Records",2,-1,918,"315782"
173,"spotify:track:5lCk0ZeN8h76QxNqHEGMZJ","Cris MJ","Vamo a Bailotear","Sonar LLC.",173,-1,1,"314949"
174,"spotify:track:2lTm559tuIvatlT1u0JYG2","Bad Bunny","BAILE INoLVIDABLE","Rimas Entertainment LLC.",2,183,181,"314420"
175,"spotify:track:5t6VW9ocIgB84vD8uR5xXU","Morgan Wallen","Dark Til Daylight","Big Loud Records / Mercury Records / Republic Records",40,-1,50,"313509"
176,"spotify:track:6jbYpRPTEFl1HFKHk1IC0m","Tyler, The Creator, Lola Young","Like Him (feat. Lola Young)","Columbia",5,189,251,"313404"
177,"spotify:track:3j6CeoBBlm40Msn1JE1SPD","Chappell Roan","HOT TO GO!","Chappell Roan PS/ Island",7,174,448,"312441"
178,"spotify:track:3d9DChrdc6BOeFsbrZ3Is0","Red Hot Chili Peppers","Under the Bridge","Warner Records",149,200,47,"312409"
179,"spotify:track:3qhlB30KknSejmIvZZLjOD","Djo","End of Beginning","Djo",3,-1,446,"312033"
180,"spotify:track:6RUKPb4LETWmmr3iAEQktW","The Chainsmokers, Coldplay","Something Just Like This","Disruptor Records/Columbia",2,-1,373,"311223"
181,"spotify:track:56bPsRfOKla3bGGmVz1uk4","Los Dareyes De La Sierra","Frecuencia","Double P Records",104,-1,8,"310931"
182,"spotify:track:4ly1QBXEwYoDmje9rmEgC4","Jon Pardi","Head Over Boots","Capitol Records Nashville",129,193,11,"310509"
183,"spotify:track:3avYqdwHKEq8beXbeWCKqJ","Katy Perry","Last Friday Night (T.G.I.F.)","Capitol Records",135,177,52,"310485"
184,"spotify:track:7CyPwkp0oE8Ro9Dd5CUDjW","The Weeknd, JENNIE, Lily-Rose Depp","One Of The Girls (with JENNIE, Lily Rose Depp)","XO / Republic Records",15,-1,523,"310300"
185,"spotify:track:4QTlxavdQGUVitxAvQqqkU","BigXthaPlug","Mmhmm","BigXthaPlug under exclusive license to UnitedMasters LLC",31,-1,553,"310195"
186,"spotify:track:2AYEOC02WLhUiOoaig2SEH","Fitz and The Tantrums","Out of My League","Elektra (NEK)",120,-1,75,"310057"
187,"spotify:track:42et6fnHCw1HIPSrdPprMl","Third Eye Blind","Semi-Charmed Life","Rhino/Elektra",163,175,5,"309076"
188,"spotify:track:6LxSe8YmdPxy095Ux6znaQ","Drake","Headlines","Cash Money Records/Young Money Ent./Universal Rec.",136,187,115,"308802"
189,"spotify:track:0AIpGG5dxEgnAymhdJRSZ0","Blood Orange","Champagne Coast","Domino Recording Co",65,-1,119,"307043"
190,"spotify:track:0gucTLf7trAf37Ua1uAyAu","Nirvana","Smells Like Teen Spirit","Geffen",86,-1,463,"306305"
191,"spotify:track:6J5kc12BW5HuP3d7C3vvx8","Bad Bunny","EoO","Rimas Entertainment LLC.",10,188,184,"306050"
192,"spotify:track:5XeFesFbtLpXzIVDNQP22n","Arctic Monkeys","I Wanna Be Yours","Domino Recording Co",53,-1,868,"306011"
193,"spotify:track:4RvWPyQ5RL0ao9LPZeSouE","Tears For Fears","Everybody Wants To Rule The World","UMC (Universal Music Catalogue)",44,196,815,"305780"
194,"spotify:track:0gmbgwZ8iqyMPmXefof8Yf","Nickelback","How You Remind Me","Roadrunner Records",128,-1,73,"305353"
195,"spotify:track:3Gn1zuHNLtGuGEOXwq0k7e","Chris Stapleton","Think I'm In Love With You","Mercury Nashville",113,-1,86,"303617"
196,"spotify:track:5AEOqLsRJFAoSS4ay4Jzao","Nirvana","Come As You Are","Geffen",151,-1,79,"303496"
197,"spotify:track:5mCPDVBb16L4XQwDdbRUpz","Drake","Passionfruit","Cash Money Records/Young Money Ent./Universal Rec.",1,-1,961,"302934"
198,"spotify:track:751srcHf5tUqcEa9pRCQwP","Cafuné","Tek It","Elektra (NEK)",57,191,85,"302640"
199,"spotify:track:3ZOEytgrvLwQaqXreDs2Jx","Red Hot Chili Peppers","Can't Stop","Warner Records",144,-1,25,"302638"
200,"spotify:track:5r5cp9IpziiIsR6b93vcnQ","Empire Of The Sun","Walking On A Dream","EMI Recorded Music Australia Pty Ltd",94,199,80,"302476"
